<configuration debug="true">
    <appender name="STDOUT" class="ch.qos.logback.core.ConsoleAppender">
        <withJansi>false</withJansi>
        <encoder class="net.logstash.logback.encoder.LogstashEncoder">
            <throwableConverter class="net.logstash.logback.stacktrace.ShortenedThrowableConverter">
                <maxDepthPerThrowable>20</maxDepthPerThrowable>
                <maxLength>2048</maxLength>
                <shortenedClassNameLength>1024</shortenedClassNameLength>
            </throwableConverter>
        </encoder>
    </appender>

    <appender name="ASYNC" class="ch.qos.logback.classic.AsyncAppender">
        <param name="queueSize" value="2048"/>
        <appender-ref ref="STDOUT"/>
    </appender>

    <logger name="com.zaxxer.hikari.HikariConfig" level="INFO"/>

    <root level="INFO">
        <appender-ref ref="ASYNC"/>
    </root>

</configuration>